n,Mean,Standard Deviation
32,0.0012132326761881511,0.00015644153201220952
64,0.007411400477091472,0.0009304508064614504
128,0.023968299229939777,0.013626810477007758
256,0.09208035469055176,0.01594790318257572
512,0.6040143171946207,0.06712965550247285
1024,4.323074658711751,0.08305394678219703
2048,35.16215999921163,0.5637486223139262
4096,279.4326243400574,1.1099587620828726
