n,Mean,Standard Deviation
32,0.013150691986083984,7.127838335961443e-05
64,0.1061563491821289,0.0005029078668620675
128,0.8853700160980225,0.007910132568932254
256,7.243780692418416,0.019545010327874205
512,58.67960031827291,1.697098800601452
1024,466.5915296077728,0.09033298877699353
2048,3743.662679672241,5.292883810201024
