n,Mean,Standard Deviation
8,0.00011404355367024739,1.81109214186675e-05
16,0.0008924007415771484,0.00018962012817639999
32,0.0021912256876627603,0.0005042228470350986
64,0.009977022806803385,0.0022185618902905075
128,0.04003127415974935,0.008406231885516723
256,0.14633663495381674,0.009646843620862442
512,0.5323407649993896,0.0305772233994346
1024,1.9428879419962566,0.03479576368163875
2048,8.215102990468344,0.31885251145917853
4096,33.98167896270752,2.5664922513541035
