n,Mean,Standard Deviation
32,0.12924536069234213,0.004717009816177715
64,0.24006732304890951,0.02048156084865945
128,0.31966304779052734,0.13519278826866427
256,0.49007026354471844,0.01380914510052197
512,1.8138974507649739,0.04286798121038357
1024,9.39494792620341,0.8054975092124284
2048,51.0169350306193,0.27928490009439333
4096,331.24732637405396,9.133646157652619
