n,Mean,Standard Deviation,param
2048,77.77627551555634,0.2523785320437203,64
