n,Mean,Standard Deviation,param
2048,78.45078158378601,0.05887172952438104,64
