n,Mean,Standard Deviation,param
2048,89.3341715335846,1.5010623699390075,64
