n,Mean,Standard Deviation,param
32,0.04496359825134277,0.06665543182033142,2
32,0.0016480286916097004,0.0003751208804692976,4
32,0.000930627187093099,0.00016526661591727802,8
32,0.0005640188852945963,6.281971393439341e-05,16
64,0.032658656438191734,0.004718803455513029,2
64,0.011410395304361979,0.0005140459564658205,4
64,0.007037560145060222,0.0017647620558172812,8
64,0.00413974126180013,0.00038929398046367946,16
64,0.0040560563405354815,0.0007450247693571799,32
